{
  "args": {
    "B": [
      0,
      15,
      35,
      38,
      39,
      44,
      46,
      95,
      105,
      127,
      163,
      180,
      196,
      283,
      296,
      310,
      404,
      478,
      519,
      618,
      694,
      792,
      864,
      1019
    ],
    "x_min": 1,
    "x_max": 3200,
    "skip_exhaustive": false,
    "steps": 70000,
    "restarts": 8,
    "start_temp": 0.01,
    "end_temp": 5e-05,
    "seed": 1703,
    "output": "erdos_156/results/template_local_opt_156_new_seed_core4_k24.json"
  },
  "start": {
    "B": [
      0,
      15,
      35,
      38,
      39,
      44,
      46,
      95,
      105,
      127,
      163,
      180,
      196,
      283,
      296,
      310,
      404,
      478,
      519,
      618,
      694,
      792,
      864,
      1019
    ],
    "k": 24,
    "max_B": 1019,
    "interval": [
      -380,
      1061
    ],
    "interval_length": 1442,
    "covered_N": [
      1020,
      1442
    ],
    "interval_length_over_k3": 0.10431134259259259,
    "covered_end_over_k3": 0.10431134259259259,
    "W_size": 2272
  },
  "exhaustive_one_swap": {
    "checked_replacements": 73577,
    "feasible_replacements": 40691,
    "start": {
      "B": [
        0,
        15,
        35,
        38,
        39,
        44,
        46,
        95,
        105,
        127,
        163,
        180,
        196,
        283,
        296,
        310,
        404,
        478,
        519,
        618,
        694,
        792,
        864,
        1019
      ],
      "k": 24,
      "max_B": 1019,
      "interval": [
        -380,
        1061
      ],
      "interval_length": 1442,
      "covered_N": [
        1020,
        1442
      ],
      "interval_length_over_k3": 0.10431134259259259,
      "covered_end_over_k3": 0.10431134259259259,
      "W_size": 2272
    },
    "best": {
      "B": [
        0,
        15,
        35,
        38,
        39,
        44,
        46,
        95,
        105,
        127,
        163,
        180,
        196,
        283,
        296,
        310,
        404,
        478,
        519,
        618,
        694,
        864,
        1019,
        1053
      ],
      "k": 24,
      "max_B": 1053,
      "interval": [
        -380,
        1070
      ],
      "interval_length": 1451,
      "covered_N": [
        1054,
        1451
      ],
      "interval_length_over_k3": 0.10496238425925926,
      "covered_end_over_k3": 0.10496238425925926,
      "W_size": 2387
    },
    "best_move": {
      "index": 21,
      "old": 792,
      "new": 1053
    },
    "improved": true
  },
  "anneal": {
    "start": {
      "B": [
        0,
        15,
        35,
        38,
        39,
        44,
        46,
        95,
        105,
        127,
        163,
        180,
        196,
        283,
        296,
        310,
        404,
        478,
        519,
        618,
        694,
        864,
        1019,
        1053
      ],
      "k": 24,
      "max_B": 1053,
      "interval": [
        -380,
        1070
      ],
      "interval_length": 1451,
      "covered_N": [
        1054,
        1451
      ],
      "interval_length_over_k3": 0.10496238425925926,
      "covered_end_over_k3": 0.10496238425925926,
      "W_size": 2387
    },
    "best": {
      "B": [
        0,
        15,
        35,
        38,
        39,
        44,
        46,
        95,
        105,
        127,
        163,
        180,
        196,
        283,
        296,
        310,
        404,
        478,
        519,
        618,
        694,
        864,
        1019,
        1053
      ],
      "k": 24,
      "max_B": 1053,
      "interval": [
        -380,
        1070
      ],
      "interval_length": 1451,
      "covered_N": [
        1054,
        1451
      ],
      "interval_length_over_k3": 0.10496238425925926,
      "covered_end_over_k3": 0.10496238425925926,
      "W_size": 2387
    },
    "runs": [
      {
        "best": {
          "B": [
            0,
            15,
            35,
            38,
            39,
            44,
            46,
            95,
            105,
            127,
            163,
            180,
            196,
            283,
            296,
            310,
            404,
            478,
            519,
            618,
            694,
            864,
            1019,
            1053
          ],
          "k": 24,
          "max_B": 1053,
          "interval": [
            -380,
            1070
          ],
          "interval_length": 1451,
          "covered_N": [
            1054,
            1451
          ],
          "interval_length_over_k3": 0.10496238425925926,
          "covered_end_over_k3": 0.10496238425925926,
          "W_size": 2387
        },
        "best_step": 0,
        "accepted": 24,
        "feasible_moves": 37309,
        "history": [],
        "restart": 0,
        "seed": 921122143355816144
      },
      {
        "best": {
          "B": [
            0,
            15,
            35,
            38,
            39,
            44,
            46,
            95,
            105,
            127,
            163,
            180,
            196,
            283,
            296,
            310,
            404,
            478,
            519,
            618,
            694,
            864,
            1019,
            1053
          ],
          "k": 24,
          "max_B": 1053,
          "interval": [
            -380,
            1070
          ],
          "interval_length": 1451,
          "covered_N": [
            1054,
            1451
          ],
          "interval_length_over_k3": 0.10496238425925926,
          "covered_end_over_k3": 0.10496238425925926,
          "W_size": 2387
        },
        "best_step": 0,
        "accepted": 23,
        "feasible_moves": 37393,
        "history": [],
        "restart": 1,
        "seed": 896302684106122251
      },
      {
        "best": {
          "B": [
            0,
            15,
            35,
            38,
            39,
            44,
            46,
            95,
            105,
            127,
            163,
            180,
            196,
            283,
            296,
            310,
            404,
            478,
            519,
            618,
            694,
            864,
            1019,
            1053
          ],
          "k": 24,
          "max_B": 1053,
          "interval": [
            -380,
            1070
          ],
          "interval_length": 1451,
          "covered_N": [
            1054,
            1451
          ],
          "interval_length_over_k3": 0.10496238425925926,
          "covered_end_over_k3": 0.10496238425925926,
          "W_size": 2387
        },
        "best_step": 0,
        "accepted": 25,
        "feasible_moves": 37184,
        "history": [],
        "restart": 2,
        "seed": 533742626178052744
      },
      {
        "best": {
          "B": [
            0,
            15,
            35,
            38,
            39,
            44,
            46,
            95,
            105,
            127,
            163,
            180,
            196,
            283,
            296,
            310,
            404,
            478,
            519,
            618,
            694,
            864,
            1019,
            1053
          ],
          "k": 24,
          "max_B": 1053,
          "interval": [
            -380,
            1070
          ],
          "interval_length": 1451,
          "covered_N": [
            1054,
            1451
          ],
          "interval_length_over_k3": 0.10496238425925926,
          "covered_end_over_k3": 0.10496238425925926,
          "W_size": 2387
        },
        "best_step": 0,
        "accepted": 44,
        "feasible_moves": 35203,
        "history": [],
        "restart": 3,