{
  "args": {
    "B": [
      0,
      20,
      35,
      38,
      39,
      44,
      46,
      95,
      111,
      132,
      142,
      175,
      267,
      289,
      301,
      341,
      410,
      489,
      594,
      617
    ],
    "x_min": 1,
    "x_max": 1200,
    "skip_exhaustive": false,
    "steps": 30000,
    "restarts": 6,
    "start_temp": 0.01,
    "end_temp": 5e-05,
    "seed": 156,
    "output": "erdos_156/results/template_local_opt_156_arch20.json"
  },
  "start": {
    "B": [
      0,
      20,
      35,
      38,
      39,
      44,
      46,
      95,
      111,
      132,
      142,
      175,
      267,
      289,
      301,
      341,
      410,
      489,
      594,
      617
    ],
    "k": 20,
    "max_B": 617,
    "interval": [
      -273,
      648
    ],
    "interval_length": 922,
    "covered_N": [
      618,
      922
    ],
    "interval_length_over_k3": 0.11525,
    "covered_end_over_k3": 0.11525,
    "W_size": 1427
  },
  "exhaustive_one_swap": {
    "checked_replacements": 22781,
    "feasible_replacements": 5639,
    "start": {
      "B": [
        0,
        20,
        35,
        38,
        39,
        44,
        46,
        95,
        111,
        132,
        142,
        175,
        267,
        289,
        301,
        341,
        410,
        489,
        594,
        617
      ],
      "k": 20,
      "max_B": 617,
      "interval": [
        -273,
        648
      ],
      "interval_length": 922,
      "covered_N": [
        618,
        922
      ],
      "interval_length_over_k3": 0.11525,
      "covered_end_over_k3": 0.11525,
      "W_size": 1427
    },
    "best": {
      "B": [
        0,
        20,
        35,
        38,
        39,
        44,
        46,
        95,
        132,
        142,
        175,
        267,
        289,
        301,
        341,
        410,
        489,
        594,
        617,
        681
      ],
      "k": 20,
      "max_B": 681,
      "interval": [
        -273,
        693
      ],
      "interval_length": 967,
      "covered_N": [
        682,
        967
      ],
      "interval_length_over_k3": 0.120875,
      "covered_end_over_k3": 0.120875,
      "W_size": 1569
    },
    "best_move": {
      "index": 8,
      "old": 111,
      "new": 681
    },
    "improved": true
  },
  "anneal": {
    "start": {
      "B": [
        0,
        20,
        35,
        38,
        39,
        44,
        46,
        95,
        132,
        142,
        175,
        267,
        289,
        301,
        341,
        410,
        489,
        594,
        617,
        681
      ],
      "k": 20,
      "max_B": 681,
      "interval": [
        -273,
        693
      ],
      "interval_length": 967,
      "covered_N": [
        682,
        967
      ],
      "interval_length_over_k3": 0.120875,
      "covered_end_over_k3": 0.120875,
      "W_size": 1569
    },
    "best": {
      "B": [
        0,
        20,
        35,
        38,
        39,
        44,
        46,
        95,
        132,
        142,
        175,
        267,
        289,
        301,
        341,
        410,
        489,
        594,
        617,
        681
      ],
      "k": 20,
      "max_B": 681,
      "interval": [
        -273,
        693
      ],
      "interval_length": 967,
      "covered_N": [
        682,
        967
      ],
      "interval_length_over_k3": 0.120875,
      "covered_end_over_k3": 0.120875,
      "W_size": 1569
    },
    "runs": [
      {
        "best": {
          "B": [
            0,
            20,
            35,
            38,
            39,
            44,
            46,
            95,
            132,
            142,
            175,
            267,
            289,
            301,
            341,
            410,
            489,
            594,
            617,
            681
          ],
          "k": 20,
          "max_B": 681,
          "interval": [
            -273,
            693
          ],
          "interval_length": 967,
          "covered_N": [
            682,
            967
          ],
          "interval_length_over_k3": 0.120875,
          "covered_end_over_k3": 0.120875,
          "W_size": 1569
        },
        "best_step": 0,
        "accepted": 30,
        "feasible_moves": 5603,
        "history": [],
        "restart": 0,
        "seed": 962937906150710703
      },
      {
        "best": {
          "B": [
            0,
            20,
            35,
            38,
            39,
            44,
            46,
            95,
            132,
            142,
            175,
            267,
            289,
            301,
            341,
            410,
            489,
            594,
            617,
            681
          ],
          "k": 20,
          "max_B": 681,
          "interval": [
            -273,
            693
          ],
          "interval_length": 967,
          "covered_N": [
            682,
            967
          ],
          "interval_length_over_k3": 0.120875,
          "covered_end_over_k3": 0.120875,
          "W_size": 1569
        },
        "best_step": 0,
        "accepted": 29,
        "feasible_moves": 5664,
        "history": [],
        "restart": 1,
        "seed": 350405213322986869
      },
      {
        "best": {
          "B": [
            0,
            20,
            35,
            38,
            39,
            44,
            46,
            95,
            132,
            142,
            175,
            267,
            289,
            301,
            341,
            410,
            489,
            594,
            617,
            681
          ],
          "k": 20,
          "max_B": 681,
          "interval": [
            -273,
            693
          ],
          "interval_length": 967,
          "covered_N": [
            682,
            967
          ],
          "interval_length_over_k3": 0.120875,
          "covered_end_over_k3": 0.120875,
          "W_size": 1569
        },
        "best_step": 0,
        "accepted": 31,
        "feasible_moves": 5604,
        "history": [],
        "restart": 2,
        "seed": 1027034800095075839
      },
      {
        "best": {
          "B": [
            0,
            20,
            35,
            38,
            39,
            44,
            46,
            95,
            132,
            142,
            175,
            267,
            289,
            301,
            341,
            410,
            489,
            594,
            617,
            681
          ],
          "k": 20,
          "max_B": 681,
          "interval": [
            -273,
            693
          ],
          "interval_length": 967,
          "covered_N": [
            682,
            967
          ],
          "interval_length_over_k3": 0.120875,
          "covered_end_over_k3": 0.120875,
          "W_size": 1569
        },
        "best_step": 0,
        "accepted": 39,
        "feasible_moves": 5577,
        "history": [],
        "restart": 3,
        "seed": 756795658900393357
      },
      {
        "best": {
          "B": [
            0,
            20,
            35,
            38,
            39,
            44,
            46,
            95,
            132,
            142,
            175,
            267,
            289,
            301,
            341,
            410,
            489,
            594,
            617,
            681
          ],
          "k": 20,
          "max_B": 681,
          "interval": [
            -273,
            693
          ],
          "interval_length": 967,
          "covered_N": [
            682,
            967
          ],
          "interval_length_over_k3": 0.120875,
          "covered_end_over_k3": 0.120875,
          "W_size": 1569
        },
        "best_step": 0,
        "accepted": 24,
        "feasible_moves": 5667,
        "history": [],
        "restart": 4,