{
  "args": {
    "B": [
      0,
      15,
      35,
      38,
      39,
      44,
      95,
      105,
      163,
      180,
      196,
      283,
      296,
      310,
      404,
      478,
      519,
      694,
      792,
      845,
      864,
      1019,
      1030,
      1051,
      1153,
      1183,
      1352,
      1438,
      1483,
      1909,
      1956,
      2068
    ],
    "x_min": 1,
    "x_max": 2400,
    "skip_exhaustive": false,
    "steps": 1,
    "restarts": 1,
    "start_temp": 0.01,
    "end_temp": 5e-05,
    "seed": 156,
    "output": "results/template_local_opt_156_new_seed_core4_k32.json"
  },
  "start": {
    "B": [
      0,
      15,
      35,
      38,
      39,
      44,
      95,
      105,
      163,
      180,
      196,
      283,
      296,
      310,
      404,
      478,
      519,
      694,
      792,
      845,
      864,
      1019,
      1030,
      1051,
      1153,
      1183,
      1352,
      1438,
      1483,
      1909,
      1956,
      2068
    ],
    "k": 32,
    "max_B": 2068,
    "interval": [
      -769,
      2115
    ],
    "interval_length": 2885,
    "covered_N": [
      2069,
      2885
    ],
    "interval_length_over_k3": 0.088043212890625,
    "covered_end_over_k3": 0.088043212890625,
    "W_size": 4767
  },
  "exhaustive_one_swap": {
    "checked_replacements": 74369,
    "feasible_replacements": 1030,
    "start": {
      "B": [
        0,
        15,
        35,
        38,
        39,
        44,
        95,
        105,
        163,
        180,
        196,
        283,
        296,
        310,
        404,
        478,
        519,
        694,
        792,
        845,
        864,
        1019,
        1030,
        1051,
        1153,
        1183,
        1352,
        1438,
        1483,
        1909,
        1956,
        2068
      ],
      "k": 32,
      "max_B": 2068,
      "interval": [
        -769,
        2115
      ],
      "interval_length": 2885,
      "covered_N": [
        2069,
        2885
      ],
      "interval_length_over_k3": 0.088043212890625,
      "covered_end_over_k3": 0.088043212890625,
      "W_size": 4767
    },
    "best": {
      "B": [
        0,
        15,
        35,
        38,
        39,
        44,
        95,
        105,
        163,
        180,
        196,
        283,
        296,
        310,
        404,
        478,
        519,
        694,
        792,
        864,
        1019,
        1030,
        1051,
        1153,
        1183,
        1352,
        1438,
        1483,
        1909,
        1928,
        1956,
        2068
      ],
      "k": 32,
      "max_B": 2068,
      "interval": [
        -766,
        2145
      ],
      "interval_length": 2912,
      "covered_N": [
        2069,
        2912
      ],
      "interval_length_over_k3": 0.0888671875,
      "covered_end_over_k3": 0.0888671875,
      "W_size": 4959
    },
    "best_move": {
      "index": 19,
      "old": 845,
      "new": 1928
    },
    "improved": true
  },
  "anneal": {
    "start": {
      "B": [
        0,
        15,
        35,
        38,
        39,
        44,
        95,
        105,
        163,
        180,
        196,
        283,
        296,
        310,
        404,
        478,
        519,
        694,
        792,
        864,
        1019,
        1030,
        1051,
        1153,
        1183,
        1352,
        1438,
        1483,
        1909,
        1928,
        1956,
        2068
      ],
      "k": 32,
      "max_B": 2068,
      "interval": [
        -766,
        2145
      ],
      "interval_length": 2912,
      "covered_N": [
        2069,
        2912
      ],
      "interval_length_over_k3": 0.0888671875,
      "covered_end_over_k3": 0.0888671875,
      "W_size": 4959
    },
    "best": {
      "B": [
        0,
        15,
        35,
        38,
        39,
        44,
        95,
        105,
        163,
        180,
        196,
        283,
        296,
        310,
        404,
        478,
        519,
        694,
        792,
        864,
        1019,
        1030,
        1051,
        1153,
        1183,
        1352,
        1438,
        1483,
        1909,
        1928,
        1956,
        2068
      ],
      "k": 32,
      "max_B": 2068,
      "interval": [
        -766,
        2145
      ],
      "interval_length": 2912,
      "covered_N": [
        2069,
        2912
      ],
      "interval_length_over_k3": 0.0888671875,
      "covered_end_over_k3": 0.0888671875,
      "W_size": 4959
    },
    "runs": [
      {
        "best": {
          "B": [
            0,
            15,
            35,
            38,
            39,
            44,
            95,
            105,
            163,
            180,
            196,
            283,
            296,
            310,
            404,
            478,
            519,
            694,
            792,
            864,
            1019,
            1030,
            1051,
            1153,
            1183,
            1352,
            1438,
            1483,
            1909,
            1928,
            1956,
            2068
          ],
          "k": 32,
          "max_B": 2068,
          "interval": [
            -766,
            2145
          ],
          "interval_length": 2912,
          "covered_N": [
            2069,
            2912
          ],
          "interval_length_over_k3": 0.0888671875,
          "covered_end_over_k3": 0.0888671875,
          "W_size": 4959
        },
        "best_step": 0,
        "accepted": 0,
        "feasible_moves": 0,
        "history": [],
        "restart": 0,
        "seed": 962937906150710703
      }
    ],
    "improved": false
  },
  "best": {
    "B": [
      0,
      15,
      35,
      38,
      39,
      44,
      95,
      105,
      163,
      180,
      196,
      283,
      296,
      310,
      404,
      478,
      519,
      694,
      792,
      864,
      1019,
      1030,
      1051,
      1153,
      1183,
      1352,
      1438,
      1483,
      1909,
      1928,
      1956,
      2068
    ],
    "k": 32,
    "max_B": 2068,
    "interval": [
      -766,
      2145
    ],
    "interval_length": 2912,
    "covered_N": [
      2069,
      2912
    ],
    "interval_length_over_k3": 0.0888671875,
    "covered_end_over_k3": 0.0888671875,
    "W_size": 4959
  },
  "improved": true
}