{
  "args": {
    "B": [
      0,
      15,
      35,
      38,
      39,
      44,
      46,
      95,
      105,
      127,
      163,
      180,
      196,
      283,
      296,
      310,
      404,
      478,
      519,
      618,
      694,
      864,
      1019,
      1053
    ],
    "x_min": 1,
    "x_max": 3600,
    "skip_exhaustive": false,
    "steps": 90000,
    "restarts": 12,
    "start_temp": 0.01,
    "end_temp": 5e-05,
    "seed": 1704,
    "output": "erdos_156/results/template_local_opt_156_new_seed_core4_k24_pass2.json"
  },
  "start": {
    "B": [
      0,
      15,
      35,
      38,
      39,
      44,
      46,
      95,
      105,
      127,
      163,
      180,
      196,
      283,
      296,
      310,
      404,
      478,
      519,
      618,
      694,
      864,
      1019,
      1053
    ],
    "k": 24,
    "max_B": 1053,
    "interval": [
      -380,
      1070
    ],
    "interval_length": 1451,
    "covered_N": [
      1054,
      1451
    ],
    "interval_length_over_k3": 0.10496238425925926,
    "covered_end_over_k3": 0.10496238425925926,
    "W_size": 2387
  },
  "exhaustive_one_swap": {
    "checked_replacements": 82777,
    "feasible_replacements": 48385,
    "start": {
      "B": [
        0,
        15,
        35,
        38,
        39,
        44,
        46,
        95,
        105,
        127,
        163,
        180,
        196,
        283,
        296,
        310,
        404,
        478,
        519,
        618,
        694,
        864,
        1019,
        1053
      ],
      "k": 24,
      "max_B": 1053,
      "interval": [
        -380,
        1070
      ],
      "interval_length": 1451,
      "covered_N": [
        1054,
        1451
      ],
      "interval_length_over_k3": 0.10496238425925926,
      "covered_end_over_k3": 0.10496238425925926,
      "W_size": 2387
    },
    "best": {
      "B": [
        0,
        15,
        35,
        38,
        39,
        44,
        46,
        95,
        105,
        127,
        163,
        180,
        196,
        283,
        296,
        310,
        404,
        478,
        519,
        618,
        694,
        864,
        1019,
        1053
      ],
      "k": 24,
      "max_B": 1053,
      "interval": [
        -380,
        1070
      ],
      "interval_length": 1451,
      "covered_N": [
        1054,
        1451
      ],
      "interval_length_over_k3": 0.10496238425925926,
      "covered_end_over_k3": 0.10496238425925926,
      "W_size": 2387
    },
    "best_move": null,
    "improved": false
  },
  "anneal": {
    "start": {
      "B": [
        0,
        15,
        35,
        38,
        39,
        44,
        46,
        95,
        105,
        127,
        163,
        180,
        196,
        283,
        296,
        310,
        404,
        478,
        519,
        618,
        694,
        864,
        1019,
        1053
      ],
      "k": 24,
      "max_B": 1053,
      "interval": [
        -380,
        1070
      ],
      "interval_length": 1451,
      "covered_N": [
        1054,
        1451
      ],
      "interval_length_over_k3": 0.10496238425925926,
      "covered_end_over_k3": 0.10496238425925926,
      "W_size": 2387
    },
    "best": {
      "B": [
        0,
        15,
        35,
        38,
        39,
        44,
        95,
        105,
        163,
        180,
        196,
        283,
        296,
        310,
        404,
        478,
        519,
        694,
        792,
        845,
        864,
        1019,
        1030,
        1051
      ],
      "k": 24,
      "max_B": 1051,
      "interval": [
        -361,
        1128
      ],
      "interval_length": 1490,
      "covered_N": [
        1052,
        1490
      ],
      "interval_length_over_k3": 0.10778356481481481,
      "covered_end_over_k3": 0.10778356481481481,
      "W_size": 2597
    },
    "runs": [
      {
        "best": {
          "B": [
            0,
            15,
            35,
            38,
            39,
            44,
            46,
            95,
            105,
            127,
            163,
            180,
            196,
            283,
            296,
            310,
            404,
            478,
            519,
            618,
            694,
            864,
            1019,
            1053
          ],
          "k": 24,
          "max_B": 1053,
          "interval": [
            -380,
            1070
          ],
          "interval_length": 1451,
          "covered_N": [
            1054,
            1451
          ],
          "interval_length_over_k3": 0.10496238425925926,
          "covered_end_over_k3": 0.10496238425925926,
          "W_size": 2387
        },
        "best_step": 0,
        "accepted": 26,
        "feasible_moves": 52482,
        "history": [],
        "restart": 0,
        "seed": 304783894842887276
      },
      {
        "best": {
          "B": [
            0,
            15,
            35,
            38,
            39,
            44,
            46,
            95,
            105,
            127,
            163,
            180,
            196,
            283,
            296,
            310,
            404,
            478,
            519,
            618,
            694,
            864,
            1019,
            1053
          ],
          "k": 24,
          "max_B": 1053,
          "interval": [
            -380,
            1070
          ],
          "interval_length": 1451,
          "covered_N": [
            1054,
            1451
          ],
          "interval_length_over_k3": 0.10496238425925926,
          "covered_end_over_k3": 0.10496238425925926,
          "W_size": 2387
        },
        "best_step": 0,
        "accepted": 30,
        "feasible_moves": 53234,
        "history": [],
        "restart": 1,
        "seed": 376029527827006479
      },
      {
        "best": {
          "B": [
            0,
            15,
            35,
            38,
            39,
            44,
            46,
            95,
            105,
            127,
            163,
            180,
            196,
            283,
            296,
            310,
            404,
            478,
            519,
            618,
            694,
            864,
            1019,
            1053
          ],
          "k": 24,
          "max_B": 1053,
          "interval": [
            -380,
            1070
          ],
          "interval_length": 1451,
          "covered_N": [
            1054,
            1451
          ],
          "interval_length_over_k3": 0.10496238425925926,
          "covered_end_over_k3": 0.10496238425925926,
          "W_size": 2387
        },
        "best_step": 0,
        "accepted": 18,
        "feasible_moves": 53161,
        "history": [],
        "restart": 2,
        "seed": 253792186916089782
      },
      {
        "best": {
          "B": [
            0,
            15,
            35,
            38,
            39,
            44,
            46,
            95,
            105,
            127,
            163,
            180,
            196,
            283,
            296,
            310,
            404,
            478,
            519,
            618,
            694,
            864,
            1019,
            1053
          ],
          "k": 24,
          "max_B": 1053,
          "interval": [
            -380,
            1070
          ],
          "interval_length": 1451,
          "covered_N": [
            1054,
            1451
          ],
          "interval_length_over_k3": 0.10496238425925926,
          "covered_end_over_k3": 0.10496238425925926,
          "W_size": 2387
        },
        "best_step": 0,
        "accepted": 38,
        "feasible_moves": 48407,
        "history": [],
        "restart": 3,